Company,Source / Entry point,Sector/Industry,HQ / Locations,Employee count / Size,Website,General email,Phone,LinkedIn URL,HR/People contact (name),HR contact title,HR contact email,HR mailbox (confirmed),HR contact email — inferred (pattern + basis),"CEO/Leadership (name, small cos)",Leadership email,Source(s),Relevance note,Status,All emails found (verbatim),Inferred emails (pattern + basis)
Pikolin (Grupo Pikolin),PLAZA Logística (plazalogistica.com),Mattress & bedding manufacturing — Manufacturing (2nd-largest in Europe; largest family group),"PLAZA, Zaragoza — Ronda del Ferrocarril, Parcela ALIF 1-124, 50197 (group HQ Zaragoza)","3,000+ staff across 10 factories; €482M turnover (LinkedIn/company)",www.grupopikolin.com,corporativo@grupopikolin.com,976 300 030,linkedin.com/company/pikolin,Isabel Banzo (+ Alberto Quirante Ruiz),"Iberia HR Senior Director / CHRO, Pikolin Group (Alberto: Gestor de RRHH)",Not published — LinkedIn only,No dedicated HR mailbox published — recruits via Teamtailor portal (pikolin.teamtailor.com) + InfoJobs,"isabel.banzo@grupopikolin.com — INFERRED (pattern first.last, RocketReach 92.8%); alt ibanzo@grupopikolin.com. Unverified.",,,"PLAZA directory; grupopikolin.com; LinkedIn (company+people, unverified)",TOP TARGET. Major Zaragoza manufacturer & employer with large HR function; relocation/expansion housing very plausible.,enriched,corporativo@grupopikolin.com (contact page); ecommerce@pikolin.com; dpo.pikolin@portalartico.es (DPO/privacy),isabel.banzo@grupopikolin.com; alberto.quirante@grupopikolin.com — first.last (RocketReach 92.8%) (UNVERIFIED) [VERIFIED: isabel.banzo@/alberto.quirante@ not found published; pattern plausible only]
DHL Parcel,PLAZA Logística (plazalogistica.com),Parcel & courier logistics — large multinational,"PLAZA, Zaragoza hub (global HQ Bonn, Germany)","Multinational (DHL Group 100,000+ globally); Zaragoza = regional hub",www.dhl.com,,,No dedicated DHL Parcel Iberia page found (DHL Group global only),,,,No public email found,,,,PLAZA directory,TOP by size but no findable Spain/Iberia LinkedIn page or local email. HR/housing centralised — approach via DHL Group careers or the Zaragoza hub manager. Genuinely no public local contact.,list-only,None found verbatim,Pattern undetermined (DHL global; no Zaragoza/Parcel-specific email)
Bilstein Group,PLAZA Logística (plazalogistica.com),Automotive aftermarket parts (febi/SWAG/Blue Print) — Motor Vehicle Manufacturing,"PLAZA, Zaragoza site (global HQ Ennepetal, Germany)","1,001-5,000 (group, LinkedIn)",www.bilsteingroup.com,,,linkedin.com/company/bilsteingroup,,,,No public email found,,,,"PLAZA directory; LinkedIn (company, unverified)","HIGH by size (1,001-5,000) but CONFIRMED no Zaragoza/Spain HR on LinkedIn — HR sits at German HQ (Ennepetal). Approach the Spain branch/distribution manager or German HR.",partial,None found verbatim,"Pattern undetermined — group pattern first.last@bilsteingroup.com (RocketReach), no named contact"
Fronius España S.L.U.,PLAZA Logística (plazalogistica.com),"Industrial tech — welding, solar energy, battery charging (Appliances/Electrical Mfg)","PLAZA, Zaragoza — C/Bílbilis 18, Nave C-56, 50197 (Spain HQ Getafe, Madrid; group HQ Austria)","Spain subsidiary of Fronius International (~7,000+ globally)",www.fronius.es,martinez.david@fronius.com,976 702 171,linkedin.com/company/froniusespana,Gloria Encinas (+ Facundo García Parra),"HR National, Fronius España",Not published — LinkedIn only,No HR mailbox published — careers portal; PLAZA-site address martinez.david@fronius.com listed (general),"gloria.encinas@fronius.com — INFERRED (group pattern first.last 91.9%, RocketReach); alt encinas.gloria@fronius.com (matches published martinez.david@fronius.com). Unverified.",,,"PLAZA directory; fronius.es; LinkedIn (people, unverified)","HIGH. Austrian multinational; technicians/expats & training visitors — strong corporate-housing fit. Note: Spain HQ is Madrid, Zaragoza is a branch.",enriched,martinez.david@fronius.com; contact-spain@fronius.com (ES form); sales.spain@fronius.com; sales.spain@fronius.com (ES contact),encinas.gloria@fronius.com; garcia.facundo@fronius.com — last.first per seed (alt first.last: gloria.encinas@/facundo.garcia@) (UNVERIFIED)
Esprinet (Esprinet Ibérica),PLAZA Logística (plazalogistica.com),Wholesale distribution of IT & consumer electronics (IT Services / distribution),"PLAZA, Zaragoza — C/Osca 2, Nave 1, 50197 (Esprinet group HQ Italy)","1,001-5,000 (Esprinet group, LinkedIn)",www.esprinet.com,Info_es@esprinet.com,976 971 100,linkedin.com/company/esprinet (Esprinet Ibérica is part of group),Begoña Huerta (+ Esperanza Rubiato),"Especialista / Técnico de RRHH, Esprinet Ibérica",Not published — LinkedIn only,"No HR mailbox — recepcion@esprinet.com (Zaragoza reception, general, Empresite) + InfoJobs careers","begona.huerta@esprinet.com — INFERRED (pattern first.last 90.8%, RocketReach; ñ→n); alt b.huerta@esprinet.com. Unverified.",,,"PLAZA directory; esprinet.com; LinkedIn (people, unverified)",HIGH. Large multinational distributor; management/relocation housing potential.,enriched,Info_es@esprinet.com; recepcion@esprinet.com,begona.huerta@esprinet.com; esperanza.rubiato@esprinet.com — first.last (RocketReach 80.4%) (UNVERIFIED) [VERIFIED: first.last confirmed (RocketReach 61.5%)]
Disfrimur,PLAZA Logística (plazalogistica.com),Refrigerated road transport & logistics (Transportation/Logistics) — family-owned,"PLAZA, Zaragoza — C/Ronda de la Feria de Muestras 10, AP-2, 50197 (group HQ Murcia)","501-1,000 (group, LinkedIn)",www.disfrimur.com,jrivera@disfrimur.com,876 55 01 80,linkedin.com/company/grupo-disfrimur,Andrés Ibáñez Gálvez (+ Andrea Roca),"Recursos Humanos, Disfrimur S.L.",Not published — LinkedIn only,No HR mailbox published — InfoJobs + web 'Bolsa de trabajo',"aibanez@disfrimur.com — INFERRED (pattern first-initial+last, basis published jrivera@disfrimur.com; ñ→n); alt a.ibanez@disfrimur.com. Unverified.",,,"PLAZA directory; disfrimur.com; LinkedIn (people, unverified)","HIGH. Refrigerated transport — drivers/ops staff, multi-site; housing for relocated/rotating staff plausible. Group HQ Murcia.",enriched,jrivera@disfrimur.com; info@disfrimur.com; info@disfrimur.com,"aibanez@disfrimur.com; aroca@disfrimur.com — finitial+last (RocketReach 100%, matches seed) (UNVERIFIED) [VERIFIED: finitial+last confirmed]"
Avanzar (Avanzar Transportes),PLAZA Logística (plazalogistica.com),Logistics & transport — urgent/express freight (Transportation/Logistics),"PLAZA, Zaragoza — C/Bílbilis 18, Nave C-58, 50197",11-50 (LinkedIn),www.avanzartransportes.com,info@avanzartransportes.com,976 735 132,linkedin.com/company/avanzar-transportes-es,,,,No HR mailbox — general info@avanzartransportes.com only,Pattern undetermined (only generic info@ published). Low-confidence guess gsedeno@avanzartransportes.com — UNVERIFIED guess.,Guillermo Sedeño,Not published — LinkedIn only,"PLAZA directory; company site; LinkedIn (people, unverified)","HIGH-MED. Small Zaragoza transport operator — no HR dept, so approach the managing director directly. Drivers/ops housing possible.",enriched,info@avanzartransportes.com,"gsedeno@avanzartransportes.com — finitial+last best-guess, low confidence (UNVERIFIED)"
Airtex Products S.A.,PLAZA Logística (plazalogistica.com),Automotive components manufacturing — water & fuel pumps; part of ASC Industries group,"PLAZA, Zaragoza — C/Osca 2, Parcela ALI 10.4, Nave 5, 50197",,www.airtex.es,atencionalcliente@airtex.es,976 464 242,No LinkedIn company page found (confirmed twice),,,,No HR-specific mailbox found — general atencionalcliente@airtex.es,,,,PLAZA directory; airtex.es,MED-HIGH. Multinational-owned manufacturer (ASC group); engineers/expats may need housing. No LinkedIn page — approach via atencionalcliente@airtex.es / ASC group.,partial,atencionalcliente@airtex.es; customerservice.airtex@trico-group.com,Pattern undetermined (no named contact)
Air Fren S.L.,PLAZA Logística (plazalogistica.com),Automotive components manufacturing — pneumatic brake valves for industrial vehicles (est. 1983),"PLAZA, Zaragoza — C/Carae 7, Parcela 12.7, 50197",11-50 listed on LinkedIn (manufacturer),www.airfren.com,airfren@airfren.com,976 504 039,linkedin.com/company/air-fren-sl,,,,No HR mailbox — general airfren@airfren.com only,Pattern undetermined (only generic airfren@ published). Low-confidence guess jvelilla@airfren.com — UNVERIFIED guess.,Jesus Velilla,Not published — LinkedIn only,"PLAZA directory; airfren.com; LinkedIn (people, unverified)",MED. SME manufacturer; no HR dept — approach Director General. Production staff may need temporary housing.,enriched,airfren@airfren.com; tecnico@airfren.com; calidad@airfren.com,"jvelilla@airfren.com — finitial+last best-guess, low confidence (UNVERIFIED)"
Bancalé Servicios Integrales,PLAZA Logística (plazalogistica.com),"Integrated logistics & services group (parent: Bancalé family office, Investment Management)","PLAZA, Zaragoza — C/Osca 2, Parcelas ALI 10.4/24/6.3, 50197",~50+ listed (LinkedIn); diversified group,www.bancale.es,info@bancale.es,976 238 960,linkedin.com/company/bancalé,Laura Fabre Luengo,"People Operations Manager / HRBP, Grupo Bancalé",Not published — LinkedIn only,No HR mailbox — general info@bancale.es only,"lfabre@bancale.es — INFERRED (pattern first-initial+last, RocketReach 100%). Unverified but high-confidence pattern.",Jorge Gracia Trullenque,Not published — LinkedIn only (Director Family Office),"PLAZA directory; bancale.es; LinkedIn (people, unverified)",HIGH-MED. Aragonese logistics/services group with a dedicated People function — good direct HR contact.,enriched,info@bancale.es,lfabre@bancale.es; jgracia@bancale.es — finitial+last (RocketReach 100%) (UNVERIFIED)
Solitium S.L. (Grupo Solitium),PLAZA Logística (plazalogistica.com),"Office services, IT & communications group (IT Services & Consulting)","PLAZA, Zaragoza — C/Bari 39, Parcela PE-5.2, 50197","501-1,000 (LinkedIn)",www.solitium.es,sac@gruposolitium.es,902 440 220,linkedin.com/company/gruposolitium,Silvia Armengol,"Recursos Humanos / Laboral, Grupo Solitium",Not published — LinkedIn only,No HR mailbox — web form (solitium.es/Unete.html) + InfoJobs,"silvia.armengol@solitium.es — INFERRED (pattern first.last 61.5%, RocketReach); alt sarmengol@solitium.es. Unverified.",,,"PLAZA directory; solitium.es; LinkedIn (people, unverified)","MED-HIGH. 500+ staff IT-services group, multi-site — relocation potential.",enriched,sac@gruposolitium.es; info@gruposolitium.es; privacidad@gruposolitium.es,silvia.armengol@solitium.es — first.last (RocketReach 61.5%; staff domain solitium.es) (UNVERIFIED)
Scati Labs,PLAZA Logística (plazalogistica.com),Smart video-surveillance / security manufacturer (Security & Investigations) — tech,"PLAZA, Zaragoza — C/Bari 23, 50197",51-200 (LinkedIn),www.scati.com,info@scati.com,,linkedin.com/company/scati-labs,Noemí Guiote Partido (+ Arancha Félix Abad),Human Resources Manager (Arancha: HR Administrative Specialist),Not published — LinkedIn only,No HR mailbox — web form (scati.com/empleo); general info@scati.com,"noemi.guiote@scati.com — INFERRED (pattern first.last 70%, RocketReach); alt nguiote@scati.com. Unverified.",,,"PLAZA directory; scati.com; LinkedIn (people, unverified)",MED. Tech manufacturer with engineers and international projects; dedicated HR Manager makes outreach clean.,enriched,info@scati.com,noemi.guiote@scati.com; arancha.felix@scati.com — first.last (RocketReach 70%) (UNVERIFIED)
Technetix S.L.,PLAZA Logística (plazalogistica.com),Broadband / CaTV-MSO technology development (Telecommunications),"PLAZA, Zaragoza — C/Terracina 11, Parcela ALI 5.4, 50197 (group HQ UK/NL)","Subsidiary of Technetix group (UK/NL HQ, ~11K followers)",es-es.technetix.com,,976 463 250,linkedin.com/company/technetix,,,,No public email found,,,,"PLAZA directory; LinkedIn (company, unverified)","MED-HIGH. Multinational tech, Zaragoza site (engineers/expats). CONFIRMED no Spain-specific HR on LinkedIn — approach UK HR or local site manager.",partial,None found verbatim,"Pattern undetermined — group first.last@technetix.com (RocketReach 80%), no named contact"
4fores,PLAZA Logística (plazalogistica.com),Renewable energy / power-systems engineering — grid integration of renewables (R&D spin-off),"PLAZA, Zaragoza — C/Celsa 17, Parcela ALI 6.4, 50197",11-50 (LinkedIn); fast-growing applied-R&D,www.4fores.es,info@4fores.es,976 126 641,linkedin.com/company/4fores,,,,No HR-specific mailbox found — general info@4fores.es,,,,"PLAZA directory; 4fores.es (Contacto); LinkedIn (company, unverified)",LOW-MED. Renewables engineering/field-testing SME (has a careers page). Mostly technical staff; no named HR/leadership surfaced. Modest relocation need.,partial,"info@4fores.es; dlopez@4fores.es (Diego Lopez, CEO)",finitial+last implied by dlopez@ (unconfirmed); Pattern undetermined for HR
Angel Gabardos,PLAZA Logística (plazalogistica.com),Textile manufacturing — headwear (caps/hats/berets) & uniforms,"PLAZA, Zaragoza — C/Caravins 36, Parcela ALI 6.1, 50197",11-50 (LinkedIn),www.gabardos.com,info@gabardos.com,976 737 249,linkedin.com/company/angel-gabardos-galindo-sucesores-sl,,,,No HR mailbox — general info@gabardos.com only,Pattern undetermined (only generic info@gabardos.com). Low-confidence guess agabardos@gabardos.com — UNVERIFIED guess.,Abel Gabardós Riba (legal representative / administrador),Not published — only general info@gabardos.com,"PLAZA directory; gabardos.com (Aviso legal); LinkedIn (company, unverified)",LOW. Small textile manufacturer (military/uniform headwear); no HR dept — owner is the contact. Low relocation need.,enriched,info@gabardos.com,abel.gabardos@gabardos.com / agabardos@gabardos.com — no pattern observed (UNVERIFIED); Pattern undetermined
Berdiel Manutención,PLAZA Logística (plazalogistica.com),"Material-handling & public-works machinery (forklifts, rental, recycling) — part of Berdiel S.L. (Transportation/Logistics)","PLAZA, Zaragoza — C/Trapani 2, 50197 (2nd site: La Cartuja Baja, Zaragoza)",11-50 (LinkedIn),berdiel.es,rberdiel@berdiel.es,876 242 203 / 639 970 157,linkedin.com/company/berdiel,,,,rberdiel@berdiel.es — CONFIRMED on company site (owner Ricardo Berdiel; also the general inbox),rberdiel@berdiel.es — CONFIRMED (published on berdiel.es as Ricardo Berdiel's address; pattern first-initial+last).,Ricardo Berdiel Grasa,rberdiel@berdiel.es (published on site; owner address),"PLAZA directory; berdiel.es (Aviso legal/Contacto); LinkedIn (people, unverified)",MED. SME forklift/machinery dealer & full-service rental; no HR dept — approach CEO/owner directly. Some site/PRL staff.,enriched,"rberdiel@berdiel.es (owner Ricardo Berdiel, verbatim); berdiel@berdiel.es",rberdiel@berdiel.es already verbatim (finitial+last) — no inference needed
Corporación Diversis,PLAZA Logística (plazalogistica.com),"Diversified group — logistics/textile packaging & services (Transportation, Logistics, Supply Chain)","PLAZA, Zaragoza — C/Castillo de Capua 10, 50197",51-200 (LinkedIn),www.diversiscorporacion.org,comunicacion@diversiscorporacion.org,976 75 00 72,linkedin.com/company/diversis-corporación,Carlos Casañal Pina,"Director de RR.HH., Diversis Corporación (& Stylepack S.L.)",Not published — LinkedIn only,No HR mailbox — general comunicacion@diversiscorporacion.org only,Pattern undetermined (only generic comunicacion@). Low-confidence guess ccasanal@diversiscorporacion.org — UNVERIFIED guess.,Javier Carrasco Castillo (Dir. General); Pedro Masats (Presidente Fundador),Not published — LinkedIn only,"PLAZA directory; diversiscorporacion.org; LinkedIn (company+people, unverified)",MED-HIGH. 51-200 staff logistics/services group with a dedicated HR Director — clean direct contact.,enriched,comunicacion@diversiscorporacion.org (individual emails masked on RocketReach: j******@),"carlos.casanal@diversiscorporacion.org; javier.carrasco@diversiscorporacion.org — first.last (RocketReach 40% top; accents dropped, n->n) (UNVERIFIED) [VERIFIED: first.last corroborated for carlos.casanal@]"
Don Pato Wash,PLAZA Logística (plazalogistica.com),Car wash & automotive valeting services,"PLAZA, Zaragoza — Avenida Diagonal 12, Parcela A.S.1.2, 50197",,www.donpatowash.com,autolavado@donpatowash.com,876 768 129,,,,,No HR-specific mailbox found — general autolavado@donpatowash.com,,,,PLAZA directory; company site,LOW. Small local service business; minimal relocation need.,partial,autolavado@donpatowash.com,Pattern undetermined (generic mailbox only)
Elk Sport,PLAZA Logística (plazalogistica.com),Sports & playground equipment supplier (schools/groups),"PLAZA, Zaragoza — C/Caravis 16, Nave 2, 50197",,www.elksport.com,info@elksport.com,976 463 820,,,,,No HR-specific mailbox found — general info@elksport.com,,,,PLAZA directory; company site,LOW. SME distributor; low relocation need.,partial,info@elksport.com; webmaster@elksport.com,Pattern undetermined (no named contact)
Escanilla Diseño-Decoración S.L.,PLAZA Logística (plazalogistica.com),Interior design & decoration,"PLAZA, Zaragoza — C/Tarento Nave 7 / Paseo de Rosales 20-22, 50197",,www.escanilla.net,decoracion@escanilla.net,976 593 925,,,,,No HR-specific mailbox found — general decoracion@escanilla.net,,,,"PLAZA directory; company site (email accent-cleaned, INFERRED spelling)",LOW. Small design firm; low relocation need.,partial,decoracion@escanilla.net,Pattern undetermined (generic mailbox only)
Farmalogic,PLAZA Logística (plazalogistica.com),Pharmaceutical central-purchasing & distribution (est. 2011),"PLAZA, Zaragoza — C/Bílbilis 18, Nave C57, 50197",Small (LinkedIn presence minimal); Personal Care Product Mfg,www.farmalogic.com,dt@farmalogic.com,876 269 574,linkedin.com/company/plaza-farmalogic-sl,,,,No HR-specific mailbox found — general dt@farmalogic.com,,,,"PLAZA directory; farmalogic.com; LinkedIn (company, unverified)",MED. Pharma/personal-care distribution. Minimal LinkedIn footprint; no HR contact found — approach via general email dt@farmalogic.com.,partial,dt@farmalogic.com; gerencia@farmalogic.com (Empresite),Pattern undetermined (no named contact)
Gote Aragón,PLAZA Logística (plazalogistica.com),Telecommunications — telecom systems/services (30+ yrs),"PLAZA, Zaragoza — C/Castillo de Capua 10, Parcela ALI 10.3.1, Nave 10, 50197",,www.gote.com,comercial@gtlan.com,976 565 127,,,,,No HR-specific mailbox found — general comercial@gtlan.com,,,,PLAZA directory; company site,MED. Telecom SME; field/install teams.,partial,comercial@gtlan.com; ncallejero@gote.com (Aragon commercial agent),finitial+last@gote.com implied by ncallejero@ (unconfirmed); Pattern undetermined
Grupo Coviar,PLAZA Logística (plazalogistica.com),Security & surveillance services (people & asset protection),"PLAZA, Zaragoza — C/Osca 1, oficinas, 50197",,www.coviar.es,atencionalcliente@coviar.com,902 474 547,"No company page found (Coviar SL, CIF B50158468)",,,,No HR mailbox — web form (coviar.es/trabaja-con-nosotros) + InfoJobs; general contacto@coviar.com,,,,PLAZA directory; company site,MED. Security-services group; general email + phone only. No LinkedIn page and no named contact published — 2nd-pass would need a phone call.,partial,atencionalcliente@coviar.com; contacto@coviar.com; cra@coviar.com,firstname@coviar.com convention (RocketReach); no named contact (UNVERIFIED if applied)
Industrias J. Cortes,PLAZA Logística (plazalogistica.com),Manufacture/sale of hydraulic & pneumatic components for industrial vehicles (PTOs),"PLAZA, Zaragoza — C/Alaun 24, Parcela ALI 9.13, 50197",,www.industriasjcortes.com,industriasjcortes@industriasjcortes.com,976 503 578,,,,,No HR-specific mailbox found — general industriasjcortes@industriasjcortes.com,,,,PLAZA directory; company site,MED. Manufacturer; production staff. 2nd-pass candidate.,partial,industriasjcortes@industriasjcortes.com,Pattern undetermined (generic mailbox only)
Infocopy (Informática y Sistemas de Copiado S.L.),PLAZA Logística (plazalogistica.com),Office printing/copier systems (Kyocera distributor) & IT,"PLAZA, Zaragoza — C/Tarento, Parcela ALI 4, Nave 1, 50197",,www.infocopy.es,comercial@infocopy.es,976 40 30 00,,,,,No HR mailbox — InfoJobs; general comercial@infocopy.es,,,,PLAZA directory; company site,LOW-MED. IT/office-systems SME; low relocation need.,partial,comercial@infocopy.es,Pattern undetermined (no named contact)
Lavaal Iberica – PTA,PLAZA Logística (plazalogistica.com),Distribution of accessories for aluminium & PVC joinery,"PLAZA, Zaragoza — C/Pertusa 5, Parcela ALI 10.3.2, Naves 1-3, 50197",,www.lavaaliberica.com,info@lavaaliberica.com,976 529 044,,,,,No HR-specific mailbox found — general info@lavaaliberica.com,,,,PLAZA directory; company site,LOW. SME distributor; low relocation need.,partial,info@lavaaliberica.com,Pattern undetermined (generic mailbox only)
Materiales de Construcción Expocanal,PLAZA Logística (plazalogistica.com),Construction materials distribution,"PLAZA, Zaragoza — C/Ronda del Aeropuerto 11, Parcela 15.1, 50197",,www.expocanal.es,info@expocanal.es,976 33 60 87,,,,,No HR-specific mailbox found — general info@expocanal.es,,,,PLAZA directory; company site,LOW. Construction-materials SME; low relocation need.,partial,info@expocanal.es; exposicion@expocanal.es,Pattern undetermined (generic mailboxes only)
Mercatotal S.A.,PLAZA Logística (plazalogistica.com),Wholesale distribution of major sports brands,"PLAZA, Zaragoza — C/Tarento, Naves 21 & 21A, 50197",11-50 (LinkedIn),www.mercatotal.es,mercatotal@mercatotal.es,,linkedin.com/company/mercatotal,,,,No HR-specific mailbox found — general mercatotal@mercatotal.es,,,,"PLAZA directory; mercatotal.es; LinkedIn (company, unverified)",MED. Sports-goods wholesaler (since 1981). No HR/leadership name surfaced on LinkedIn (commercial/warehouse staff only) — 2nd-pass via phone/website.,partial,rrss@mercatotal.es; mercatotal@mercatotal.es (seed),Pattern undetermined (no named contact)
Qualimax Internacional S.L. (JOCCA),PLAZA Logística (plazalogistica.com),Home products manufacturing & distribution (30 yrs),"PLAZA, Zaragoza — C/Tarraca 12, Parcela ALI 14_7, 50197",,www.jocca.es,jocca@jocca.es,976 470 648,,,,,No HR-specific mailbox found — general jocca@jocca.es,,,,PLAZA directory; company site,MED. Consumer-goods SME/manufacturer; medium relocation potential.,partial,info@jocca.es,Pattern undetermined (no public pattern observed)
Repuestos Fuster S.L.,PLAZA Logística (plazalogistica.com),Manufacture & sale of tractor / agricultural spare parts,"PLAZA, Zaragoza — C/Turiaso 28, Parcela ALI 6.2.3, 50197",,www.repuestosfuster.com,fuster@repuestosfuster.com,976 77 07 96,,,,,No HR-specific mailbox found — general fuster@repuestosfuster.com,,,,PLAZA directory; company site,LOW-MED. SME parts manufacturer; low-medium relocation need.,partial,info@repuestosfuster.com (current); fuster@repuestosfuster.com (older),Pattern undetermined (no named contact)
Serecon 97,PLAZA Logística (plazalogistica.com),"Wholesale distribution (14,000 m² facility — appliances/electronics)","PLAZA, Zaragoza — C/Messina 4, Parcela ALI 9.10, 50197",,www.serecon97.com,,902 883 588,None found,,,,No public email found,,,,PLAZA directory,MED (mid-size distributor) but website has an SSL/privacy error (inaccessible) and no LinkedIn page — no email findable. Phone only (902 883 588). Genuinely no contactable email.,list-only,serecon97@serecon97.com; serecon97@gruposerecon.com,Pattern undetermined (legal page behind anti-bot wall)
Teral S.L.,PLAZA Logística (plazalogistica.com),Environmental services — food-waste treatment & disposal,"PLAZA, Zaragoza — C/Bílbilis 18, Parcela ALI 3_34, Nave C52, 50197",,www.teralsl.com,info@teralsl.com,876 768 542,,,,,No HR-specific mailbox found — general info@teralsl.com,,,,PLAZA directory; company site,LOW. Environmental-services SME; low relocation need.,partial,info@teralsl.com,Pattern undetermined (no named contact)
Torres Equipamientos de Oficinas S.L.,PLAZA Logística (plazalogistica.com),Office furniture & interior fit-out (35+ yrs),"PLAZA, Zaragoza — C/Castillo de Capua 10, Nave 8, 50197",,www.torresoficinas.com,comercial@torresoficinas.com,976 436 211,,,,,No HR-specific mailbox found — general comercial@torresoficinas.com,,,,PLAZA directory; company site,LOW. Office-furniture SME; low relocation need.,partial,comercial@torresoficinas.com; gerencia@torresoficinas.com,Pattern undetermined (no named contact)
Totalsport Gestión S.L.,PLAZA Logística (plazalogistica.com),Sports equipment services & purchasing centre (group),"PLAZA, Zaragoza — C/Tarento, Naves 21 & 21A, 50197",,www.grupototalsport.es,info@grupototalsport.es,976 159 000,,,,,No HR-specific mailbox found — general info@grupototalsport.es,,,,PLAZA directory; company site,MED. Sports-retail purchasing group; medium relocation potential.,partial,"info@grupototalsport.com (operating domain is .com, not .es)",Pattern undetermined (no named contact)
Grupo Sesé,Company registry/directory (eInforma/elEconomista/Axesor) + LinkedIn,"Logistics & supply-chain management / transport (Transportation, Logistics, Supply Chain)","Zaragoza HQ — C/ Virgen del Buen Acuerdo, 50014; operations worldwide","10,001+ (LinkedIn)",www.gruposese.com,comunicacionymarketing@gruposese.com (+ delegacion.nacionalzaragoza@gruposese.com),976 455 800,linkedin.com/company/gruposese,Teresa Díaz Bello (+ Ignacio Benedico Ortega),"Responsable RRHH / HRBP, Talent (Ignacio: HR Manager — Industrial & Automotive)",Not published — LinkedIn only,Dedicated recruitment brand 'Sesé Talent' (linkedin.com/company/sesé-talent); apply via gruposese.com careers,"teresa.diaz@gruposese.com — INFERRED (pattern first.last 94.9%, RocketReach); alt teresa.diazbello@ / tdiaz@. Unverified.",,,"eInforma/elEconomista; gruposese.com; LinkedIn (company+people, unverified)","TOP TARGET. Zaragoza-HQ global logistics group (10,000+); constant ops/industrial hiring & relocation — very strong corporate-housing fit.",enriched,comunicacionymarketing@gruposese.com; delegacion.nacionalzaragoza@gruposese.com,teresa.diaz@gruposese.com; ignacio.benedico@gruposese.com — first.last (RocketReach 94.9% / LeadIQ 81%) (UNVERIFIED) [VERIFIED: first.last confirmed 94.9%]
Saica,Company registry/directory (eInforma/elEconomista/Axesor) + LinkedIn,"Paper, packaging & paper-recovery — Manufacturing (Paper & Forest Products)",Zaragoza HQ; production plants across Europe,"10,001+ (LinkedIn)",www.saica.com,No public general email — Contacto via web form,976 (HQ switchboard via saica.com),linkedin.com/company/saica-group,Eva Bellido (+ Marta del Real Roca),"Directora de RRHH Aragón/Navarra/La Rioja, Saica (Marta: Técnico de RRHH)",Not published — LinkedIn only,No public HR mailbox — careers via saica.com,"eva.bellido@saica.com — INFERRED (pattern first.last 85.3%, RocketReach); alt ebellido@saica.com. Unverified.",,,"eInforma/elEconomista; saica.com; LinkedIn (people, unverified)","TOP TARGET. Zaragoza-HQ multinational manufacturer (10,000+); regional HR director identified; shift/relocation staff housing plausible.",enriched,None found verbatim (web form only); communication@saica.com; compliance@saica.com; spain.pack@saica.com,eva.bellido@saica.com; marta.delreal@saica.com — first.last (LeadIQ 85.3%) (UNVERIFIED) [VERIFIED: first.last confirmed 85.3%]
Grupo SAMCA,Company registry/directory (eInforma/elEconomista/Axesor) + LinkedIn,"Diversified industrial group — mining, renewables, plastics, synthetic fibres, agribusiness (Mining/Industrial)","Zaragoza — Paseo Independencia 21, 50001","1,001-5,000 (LinkedIn)",www.gruposamca.com,samca@samca.com,976 216 129,linkedin.com/company/grupo-samca,Salvador Sánchez Pérez (+ David Carreras García),Director del Área de Personas (David: Responsable de RRHH),Not published — LinkedIn only,No public HR mailbox — general samca@samca.com,"salvador.sanchez@gruposamca.com — INFERRED (pattern first.last 83.8%, RocketReach); alt ssanchez@gruposamca.com. Unverified.",,,"eInforma/Axesor; gruposamca.com; LinkedIn (company+people, unverified)",TOP TARGET. Major Zaragoza-HQ industrial conglomerate; dedicated People director; multi-site relocation housing plausible.,enriched,samca@samca.com (generic; corporate domain),salvador.sanchez@gruposamca.com; david.carreras@gruposamca.com — first.last employee pattern (RocketReach 83.8%) (UNVERIFIED) [VERIFIED: confirmed 83.8%]
Hiberus Tecnología,Company registry/directory (eInforma/elEconomista/Axesor) + LinkedIn,"IT services, consulting & software (IT Services and IT Consulting)",Zaragoza HQ; offices nationwide & abroad,"1,001-5,000 (LinkedIn)",www.hiberus.com,No public general email — Contacto via web form,(via hiberus.com),linkedin.com/company/hiberus,Verónica Encinas Alberca (+ Laura Moreno de Andrés),HRBP People & Culture (Laura: HRBP / IT Talent Acquisition),Not published — LinkedIn only,No public HR mailbox — large Talent team; careers via hiberus.com,"vencinas@hiberus.com — INFERRED (pattern first-initial+last 100%, RocketReach); alt lmoreno@hiberus.com (Laura Moreno). Unverified.",,,"eInforma; hiberus.com; LinkedIn (company+people, unverified)",TOP TARGET (IT relocation). Zaragoza-HQ tech firm hiring IT talent nationally/internationally; large People & Culture function — prime corporate-housing fit.,enriched,info@hiberus.com; dpo@hiberus.com,veronica.encinas@hiberus.com; laura.moreno@hiberus.com — first.last (RocketReach ~90%) (UNVERIFIED) [VERIFIED: confirmed 90.2%]
Inycom (Instrumentación y Componentes),Company registry/directory (eInforma/elEconomista/Axesor) + LinkedIn,"IT, instrumentation, industrial & health technology (IT Services)","PLA-ZA, Zaragoza — C/ Alaun 8, 50197 (also C/ Marie Curie 4)","approx 501-1,000 (LinkedIn 23K followers)",www.inycom.es,info@inycom.es,976 013 300 / 900 922 959,linkedin.com/company/inycom,,,,No HR mailbox found — careers via inycom.es; general info@inycom.es,,,,eInforma/elEconomista; inycom.es; LinkedIn (company),HIGH. Zaragoza tech group (IT/industrial/health); engineers & project staff — relocation potential. 2nd-pass for named HR.,partial,info@inycom.es; marcos.rubio@inycom.es (confirms pattern),"first.last@inycom.es (LeadIQ 84.3%, corroborated by marcos.rubio@) — no named HR contact (UNVERIFIED) [VERIFIED: confirmed 84.3%]"
Certest Biotec,AseBio/Axesor registry + LinkedIn,Biotechnology — in-vitro diagnostics manufacturing (Biotechnology Research),"San Mateo de Gállego (Zaragoza) — Pol. Ind. Río Gállego II, 50840","approx 501-1,000 (LinkedIn 20K followers)",www.certest.es,certest@certest.es,976 520 354,linkedin.com/company/certestbiotec,,,,No HR mailbox found — careers via certest.es; general certest@certest.es,,,,AseBio/Axesor/elEconomista; certest.es; LinkedIn (company),HIGH (healthcare/biotech). Fast-growing Zaragoza-area diagnostics manufacturer; scientific/technical hires — relocation/housing plausible. 2nd-pass for named HR.,partial,certest@certest.es; nfernandes@certest.es (CEO Nelson G. Fernandes); legal@certest.es,finitial+last@certest.es (RocketReach 82.4%) (UNVERIFIED)
BSH Electrodomésticos España (Balay),Registry/Wikipedia + LinkedIn,"Home-appliance manufacturing — white goods (ovens, hobs, dishwashers) — Manufacturing","Montañana, Zaragoza — Avda. de la Industria 49, 50016 (Spain HQ; group HQ Munich)","4,500+ in Spain (BSH); Montañana plant ~1,150 (≈250 R&D + ≈900 factory)",www.bsh-group.com/es,No public general email — careers/Contacto via portal,976 578 000,linkedin.com/company/bsh-electrodomesticos,,,,No HR mailbox found — careers via BSH careers portal,,,,elEconomista/Wikipedia; bsh-group.com; LinkedIn (company),"TOP TARGET. Major Zaragoza manufacturer & R&D centre (4,500+ in Spain); engineers/expats & relocations — strong corporate-housing fit. 2nd-pass for named HR.",partial,comunicacion.corporativa@bshg.com (mail domain bshg.com),first.last@bshg.com (RocketReach 86.1%) (UNVERIFIED) [VERIFIED: confirmed 86.1%]
Chocolates Lacasa (Grupo Lacasa),Registry/directory + web,Food manufacturing — chocolate & confectionery (Food Production),"Utebo (Zaragoza) — Ctra A-68, km 14, 50180","~228 (legal entity, 2026); Grupo Lacasa larger",www.grupo.lacasa.es,lacasa@grupo.lacasa.es,976 462 111,linkedin.com/company/chocolates-lacasa (verify),,,,No HR mailbox found — general lacasa@grupo.lacasa.es,,,,elEconomista/Alimentos Made in Aragón; grupo.lacasa.es,MED. Zaragoza-area food manufacturer; production/seasonal staff. 2nd-pass for named HR.,partial,lacasa@grupo.lacasa.es; lacasa@lacasa.es,finitial+last@lacasa.es (RocketReach 89.6%) (UNVERIFIED) [VERIFIED: finitial+last is primary (RocketReach 89.6%)]
Grupo Agora / La Zaragozana (Ambar),Registry/directory (Alimarket) + web,Beverage manufacturing — brewing (Cervezas Ambar) — Food & Beverage,"Zaragoza — La Zaragozana, S.A.",~500+ (group),www.agoragrupo.com (brand: ambar.com),Contacto via ambar.com/contacto (web form),"976 279 700 (La Zaragozana, verify)",linkedin.com/company/agora-grupo,,,,No HR mailbox — careers via agoragrupo.com / LinkedIn,,,,Alimarket/Cámara Zaragoza; agoragrupo.com; LinkedIn (company),MED-HIGH. Iconic Zaragoza brewer (Grupo Agora) with active expansion & hiring; some relocation. 2nd-pass for named HR.,partial,"jgarciam@agoragp.com (corporate mail domain agoragp.com, not agoragrupo.com)",first.last@agoragp.com (RocketReach ~95%) (UNVERIFIED) [VERIFIED: first.last confirmed 95.3%; RRHH contact Sara Repolles]
Forestalia Renovables,Páginas Amarillas (paginasamarillas.es) + Axesor/eInforma,Renewable-energy developer — wind/solar/biomass (Renewables & Environment),"Zaragoza — C/ Coso 33, 50003 (also Pol. Ind. Argualas)",~214,forestalia.com,contabilidad@forestalia.com (accounting; press/general via forestalia.com/contacto),976 308 449,linkedin.com/company/forestalia (verify),,,,No HR mailbox found — press/general via forestalia.com/contacto,,,,Páginas Amarillas; Axesor/eInforma; forestalia.com,MED-HIGH. Zaragoza renewables developer; project/engineering & site-based staff — relocation potential. 2nd-pass for named HR.,partial,"info@forestalia.com; contabilidad@forestalia.com; rrhh@forestalia.com (HR mailbox, published on Unete page); lopd@forestalia.es",first.last@forestalia.com (RocketReach 40% top) (UNVERIFIED)
Mann+Hummel Ibérica,Páginas Amarillas (paginasamarillas.es) + registry,Automotive filtration manufacturing (MANN+FILTER / WIX / FILTRON) — Manufacturing,"PLA-ZA, Zaragoza — C/ Pertusa 8, 50197 (part of Mann+Hummel, 20,000+ global)","~700 (Iberia, 2025)",www.mann-hummel.com,pedidosia@mann-hummel.com (orders; general via airfiltration.mann-hummel.com/es-es/contacto),976 287 300,linkedin.com/company/mann-hummel,,,,No HR mailbox found — careers via Mann+Hummel portal,,,,Páginas Amarillas; eInforma; mann-hummel.com,HIGH. 700-staff auto-filter manufacturer at PLAZA; engineers/expats & shift staff — strong housing fit. 2nd-pass for named HR.,partial,pedidosia@mann-hummel.com; mhes@mann-hummel.com,Pattern undetermined (no per-person convention confirmed for the Iberica entity)
Grupo Jorge,Registry/directory + web,Food — pork/meat processing & integrated agri-logistics (Food Production),"Zaragoza — Avda. Academia General Militar 52, 50015 (+ Zuera, Pol. El Campillo)",Large meat group (group employs thousands; legal-entity figures vary),www.jorgesl.com,jorgesl@jorgesl.com,976 514 029,linkedin.com/company/grupo-jorge (verify),,,,No HR mailbox found — general jorgesl@jorgesl.com,,,,elEconomista/eInforma; jorgesl.com,MED-HIGH. Large Zaragoza-area meat group with own logistics; production/relocation staff. 2nd-pass for named HR.,partial,jorgesl@jorgesl.com; france@rivasam.com,firstlast@jorgesl.com (RocketReach/LeadIQ ~50%) (UNVERIFIED)
Libelium,Registry/directory (Cámara Zaragoza) + web,IoT technology — sensors & connectivity (Technology / IoT),"Zaragoza — WTCZ, Avda. María Zambrano 31, 50018",SME (founded 2006; ~50-200),www.libelium.com,marketing@libelium.com (site shows 'marketin@'; verify),976 547 492,linkedin.com/company/libelium,,,,No HR mailbox found — general via libelium.com/contact,,,,Cámara Zaragoza/elEconomista; libelium.com,MED. Zaragoza IoT tech SME; engineers. 2nd-pass for named HR.,partial,None found verbatim (form + phone only),"finitial.last@libelium.com (RocketReach 88.2%) (UNVERIFIED) [CORRECTED: pattern is first.lastinitial@libelium.com (e.g. jane.d@), not finitial.last]"
Terminal Marítima de Zaragoza (tmZ),Páginas Amarillas (paginasamarillas.es) + Aliaragón directory,Intermodal logistics — inland maritime/container terminal (Transportation/Logistics),"Zaragoza — Mercazaragoza, Ctra de Cogullada 65, 50014",Medium (terminal operator),tmzaragoza.eu,tmzaragoza@tmzaragoza.com,976 479 658,linkedin.com/company/tmzaragoza,,,,No HR mailbox found — general tmzaragoza@tmzaragoza.com,,,,Páginas Amarillas; Aliaragón; tmzaragoza.eu; LinkedIn (company),MED-HIGH. Key Aragón intermodal logistics hub; ops staff. 2nd-pass for named HR.,partial,tmzaragoza@tmzaragoza.com,Pattern undetermined (generic mailbox only)
IMESA (Industria y Montajes Eléctricos S.A.),Páginas Amarillas (paginasamarillas.es),Industrial & electrical assembly / engineering contractor,Zaragoza,,,,,,,,,,,,,"Páginas Amarillas (ingeniería, Zaragoza)",MED. Industrial/electrical contractor with field crews — possible site relocation. Name from PA; website/contact pending 2nd-pass.,list-only,imesa@imesazaragoza.es (official domain imesazaragoza.es); audiovisuales.imesa@gmail.com,Pattern undetermined
Zeleron,Páginas Amarillas (paginasamarillas.es),Industrial automation engineering,Zaragoza,,zeleron.com (verify),,,,,,,,,,,"Páginas Amarillas (ingeniería, Zaragoza)",MED. Industrial automation engineering SME; technical staff. Name from PA; contact pending 2nd-pass.,list-only,"info@zeleron.es (official domain zeleron.es, not .com); administracion@zeleron.es",Pattern undetermined
"It Now, S.A.",Páginas Amarillas (paginasamarillas.es),IT services / systems integration,Zaragoza,,,,,,,,,,,,,"Páginas Amarillas (informática, Zaragoza)",MED. IT services firm; technical staff. Name from PA; website/contact pending 2nd-pass.,list-only,"None found verbatim (IT NOW = Caixabank/IBM JV, HQ Barcelona, itnow.es; Zaragoza offices phone-only)",Pattern undetermined — verify this is the intended Zaragoza target before outreach
Disaragón,Páginas Amarillas (paginasamarillas.es),Distribution & logistics,Zaragoza,,,,,,,,,,,,,"Páginas Amarillas (logística, Zaragoza)",MED. Distribution/logistics operator; warehouse/ops staff. Name from PA; contact pending 2nd-pass.,list-only,comercial@disaragon.es (official site disaragon.es),Pattern undetermined (generic mailbox only)
"Laftur, S.A.",Páginas Amarillas (paginasamarillas.es),Logistics / transport,Zaragoza,,,,,,,,,,,,,"Páginas Amarillas (logística, Zaragoza)",MED. Logistics/transport operator. Name from PA; contact pending 2nd-pass.,list-only,victor.martinez@tsbzaragoza.com; administracion@tsbzaragoza.com (Laftur now trades as TSB Zaragoza); victor.martinez@tsbzaragoza.com; administracion@tsbzaragoza.com (med-confidence),first.last@tsbzaragoza.com (basis victor.martinez@) (UNVERIFIED)
"Ibersertrans, S.L.",Páginas Amarillas (paginasamarillas.es),Road transport / logistics,Zaragoza,,,,,,,,,,,,,"Páginas Amarillas (transporte, Zaragoza)",MED. Road transport operator — drivers/ops. Name from PA; contact pending 2nd-pass.,list-only,oficinas.ibersertrans@gmail.com (official site),Pattern undetermined (generic Gmail mailbox)
Arkhe Servicios Logísticos,Páginas Amarillas (paginasamarillas.es),Logistics services,Zaragoza,,,,,,,,,,,,,"Páginas Amarillas (logística, Zaragoza)",MED. Logistics-services SME. Name from PA; contact pending 2nd-pass.,list-only,info@arkhe2012.es (domain arkhe2012.es),first.last@arkhe2012.es (RocketReach convention) (UNVERIFIED)
"In Time Express Europe, S.L.",Páginas Amarillas (paginasamarillas.es),Express transport / logistics,Zaragoza,,,,,,,,,,,,,"Páginas Amarillas (transporte, Zaragoza)",MED. Express logistics operator — shift/ops staff. Name from PA; contact pending 2nd-pass.,list-only,info@intimetransport.eu (company states only @intimetransport.eu used),first@intimetransport.eu (UNVERIFIED)
"Cirac Logística, S.L.",Páginas Amarillas (paginasamarillas.es),Logistics,Zaragoza,,,,,,,,,,,,,"Páginas Amarillas (logística, Zaragoza)",MED. Logistics SME. Name from PA; contact pending 2nd-pass.,list-only,info@ciraclogistica.es,first@ciraclogistica.es (UNVERIFIED)
Maetel,Páginas Amarillas (paginasamarillas.es),Engineering / industrial services,Zaragoza,,,,,,,,,,,,,"Páginas Amarillas (ingeniería, Zaragoza)",MED. Engineering firm; technical staff. Name from PA; contact pending 2nd-pass.,list-only,maetel@maetel.com; protecciondedatos@maetel.com; personal@maetel.com (CV/empleo box),"first.last@maetel.com — no verbatim personal address, generic only (UNVERIFIED)"
Lecitrailer SA,elEconomista ranking (ranking-empresas.eleconomista.es) + web,"Semi-trailer / trailer manufacturing (CNAE 2920 - vehicle bodywork, trailers & semi-trailers)","Camino de los Huertos s/n, Apdo 100, 50620 Casetas (Zaragoza), Spain — group HQ same site; after-sales bases in Barcelona, Valencia, Sevilla, Madrid, Lyon (FR), Mangualde (PT)","~430 employees Lecitrailer SA (eInforma 2025); Grupo Lecitrailer 1,000+ (company web)",https://lecitrailer.es,"lt@lecitrailer.es (general inbox, einforma/web)",+34 976 462 121,https://www.linkedin.com/company/lecitrailer-s-a-,Not found,Not found,Not found,"""Portal empleo"" / careers section on lecitrailer.es (web form); general inbox lt@lecitrailer.es",rrhh@lecitrailer.es (INFERRED — local-part guess from domain lecitrailer.es; only verbatim address found is lt@lecitrailer.es; treat as unconfirmed) — Pattern undetermined for personal names,Fernando Leciñena (Leciñena family ownership/leadership; exact title unconfirmed),Not found,lecitrailer.es/es/quienes-somos; lecitrailer.es/es/grupo-lecitrailer; einforma.com/informacion-empresa/lecitrailer; empresite.eleconomista.es/LECITRAILER.html,"Large industrial employer with continuous inbound relocated/project staff and 1,000+ group workforce across Casetas site; strong fit for medium-stay corporate housing — HIGH",enriched,lt@lecitrailer.es,"fernando.lecinena@lecitrailer.es / flecinena@lecitrailer.es — first.last or finitial+last per RocketReach masks (UNVERIFIED) [CORRECTED: pattern is firstlast -> fernandolecinena@lecitrailer.es, not first.last/flecinena@]"
HMY Yudigar (HMY Yudigar Equipamiento SLU / Yudigar SL),elEconomista ranking (ranking-empresas.eleconomista.es) + web,Retail store equipment & shopfitting manufacturing/installation,"Pol. Industrial ""La Veguilla"" s/n, 50400 Cariñena, Zaragoza, Spain (registered office & main plant — in Cariñena, NOT Cuarte de Huerva); part of HMY Group (intl. HQ France)","278 employees (eInforma/Axesor, 12/03/2026)",https://hmy-group.com (corporate); yudigar.com (Spanish site),"comercial@yudigar.com (general/commercial inbox, einforma/web)",+34 976 793 040,https://es.linkedin.com/company/hmy-group (group),Not found,Not found,Not found,"InfoJobs profile (yudigar.ofertas-trabajo.infojobs.net) + recruitment ref seleccion@hmy-group.com (from 2021 posting, may be outdated); general inbox comercial@yudigar.com",rrhh@yudigar.com (INFERRED — local-part guess; verbatim addresses found are comercial@yudigar.com and seleccion@hmy-group.com) — Pattern undetermined for personal names,Not found,Not found,einforma.com/informacion-empresa/yudigar-gs; axesor.es/Informes-Empresas/488811/HMY_YUDIGAR_EQUIPAMIENTO_SL.html; hmy-group.com/contact; carinena.es/empleo-yudigar-turno-fin-de-semana,"Sizable Cariñena (Zaragoza prov.) manufacturer with ongoing recruitment and project/engineering staff; medium-stay housing fit, though Cariñena is ~50 km from Zaragoza city — MED-HIGH",enriched,comercial@yudigar.com; seleccion@hmy-group.com,first.last@hmy-group.com (ContactOut) (UNVERIFIED) [VERIFIED: first.last@hmy-group.com ~99%; now part of ITAB]
Novapet SA,elEconomista ranking (ranking-empresas.eleconomista.es) + web,PET resin manufacturing / plastic polymers (Grupo SAMCA),"Commercial office: Paseo de la Independencia 21, 3º, 50001 Zaragoza, Spain; production plants: Barbastro (Huesca) and Fuenlabrada (Madrid); group HQ Grupo SAMCA, Zaragoza",~280 employees (company web; group/registry figures vary 30–350 by entity/period),https://novapet.com,Not found verbatim (Zaragoza office phone +34 976 21 61 29; tech center cte.barbastro@samca.com),+34 976 21 61 29 (Zaragoza office),https://es.linkedin.com/company/novapet-pet,Not found,Not found,Not found,"Grupo SAMCA careers portal samca.com/empleo (and gruposamca.com/empleo); SAMCA InfoJobs (samca.ofertas-trabajo.infojobs.net); ""Work with us"" form on novapet.com",rrhh@novapet.com / seleccion@samca.com (INFERRED — domain guesses; only verbatim address found is cte.barbastro@samca.com) — Pattern undetermined for personal names,"Owned by Grupo SAMCA (~4,000 employees; diversified) — leadership at group level, no individual confirmed",Not found,novapet.com/en/contact; novapet.com/en/human-team; einforma.com/informacion-empresa/novapet; gruposamca.com; samca.com/empleo,Has central Zaragoza-city office plus SAMCA group (note: Grupo SAMCA already listed separately); SAMCA's diversified Aragón presence drives relocations — plants outside Zaragoza city (Barbastro/Fuenlabrada) — MED-HIGH,enriched,novapet@samca.com; cte.barbastro@samca.com,first.last@samca.com (SAMCA group convention) (UNVERIFIED) [VERIFIED: staff use @samca.com not @novapet.com]
Megasider Zaragoza SAU,elEconomista ranking (ranking-empresas.eleconomista.es) + web,"Steel / siderurgy — non-integrated steel, commercial & structural profiles (CNAE 2410); Grupo Megasa","Avenida José López Soriano 100 (antigua Ctra. Torrecilla de Valmadrid km 1,95), Zaragoza, Spain; group HQ Grupo Megasa (Galicia)",272 employees (eInforma/registry 2026),http://www.megasa.com,Not found verbatim,+34 976 466 171,Not found (Grupo Megasa LinkedIn exists; dedicated Megasider page not confirmed),Eduardo Piñera (gerente / plant manager per Cámara de Zaragoza source — verify),Gerente (Megasider Zaragoza),Not found,careers/HR portal not found; general switchboard +34 976 466 171; corporate site megasa.com,rrhh@megasa.com (INFERRED — domain guess from megasa.com; no verbatim email found) — Pattern undetermined for personal names,Eduardo Piñera (Megasider gerente); group leadership at Grupo Megasa,Not found,einforma.com/informacion-empresa/arcelormittal-zaragoza; iberinform.es/empresa/340504/megasider-zaragoza; axesor.es/Informes-Empresas/146169/MEGASIDER_ZARAGOZA_SA.html; camarazaragoza.com (Megasider club empresa líder),"Large steel plant within Zaragoza city limits, 272 staff, capital-intensive with engineering/project personnel and parent in Galicia (likely relocations to Zaragoza) — strong medium-stay fit — TOP TARGET",partial,info@megasa.com; batienza@megasa.es (eInforma),"eduardo.pinera@megasa.com — first.last (corporate megasa.com, n->n) (UNVERIFIED) [CORRECTED: domain is megasa.es, finitial+last -> epinera@megasa.es (batienza@megasa.es confirmed)]"
Carreras Grupo Logístico SA,elEconomista ranking (ranking-empresas.eleconomista.es) + web,"Logistics / transport, warehousing, distribution, copacking","Calle Messina 2, Plataforma Logística PLAZA, 50197 Zaragoza (registered office & operational HQ; Registro Mercantil de Zaragoza); founded 1933/registered 1968","~1,615 employees (eInforma/Axesor 2025); company states 2,000+ across group",https://www.grupocarreras.com,"Not found (web contact form; no general inbox published verbatim — ""Contact an expert"" form)",+34 976 470 410,https://es.linkedin.com/company/grupo-carreras-logistica,Not found,Not found,Not found,"Careers: ""Trabaja con nosotros"" on grupocarreras.com + Grupo Carreras InfoJobs (grupocarreras.ofertas-trabajo.infojobs.net) + Indeed listings","INFERRED nombre.apellido@grupocarreras.com (basis: RocketReach reports first.last format ~73%; sample verbatim addresses alberto.borque@grupocarreras.com, cial@grupocarreras.com) — no HR-specific verbatim address found",,,grupocarreras.com; es.linkedin.com/company/grupo-carreras-logistica; einforma.com; axesor.es; infojobs,Major logistics employer at PLAZA with international traffic/operations roles; recurring relocated/project staff likely — corporate-housing fit strong. HIGH,enriched,alberto.borque@grupocarreras.com; cial@grupocarreras.com; admoncial@listas.grupocarreras.com,"first.last@grupocarreras.com (RocketReach 72.7%, e.g. alberto.borque@) (UNVERIFIED) [VERIFIED: first.last confirmed (alberto.borque@)]"
Adidas España SAU,elEconomista ranking (ranking-empresas.eleconomista.es) + web,Sportswear/footwear wholesale distribution; Iberia HQ + logistics,"Iberia HQ: Avenida María Zambrano 31, WTC Zaragoza, Torre Este, 50018 Zaragoza (400+ staff manage Spain+Portugal); logistics centre in Caspe (Zaragoza prov.); group HQ Herzogenaurach, Germany","~2,354 employees España SAU (eInforma/Informa 2024); 400+ at Zaragoza HQ",https://www.adidas.es (corporate careers: careers.adidas-group.com),Not found,+34 976 710 100,https://es.linkedin.com/company/adidas-espana-s.a.u.,Not found,Not found,Not found,Careers portal careers.adidas-group.com/locations/hubs/zaragoza + adidas InfoJobs (adidas.ofertas-trabajo.infojobs.net),"Pattern undetermined (global firm; corporate recruiting via portal, no Spain HR inbox published)",,,einforma.com; informa.es; paginasamarillas.es; careers.adidas-group.com; es.linkedin.com,Iberia HQ in Zaragoza with 400+ professionals + relocations/expat moves into Zaragoza; strong medium-stay relocation demand. TOP TARGET,enriched,comunicacion.spain@adidas.com (corporate domain adidas.com); comunicacion.spain@adidas.com,first.last@adidas.com (UNVERIFIED)
Alliance Healthcare España SA,elEconomista ranking (ranking-empresas.eleconomista.es) + web,Pharmaceutical & healthcare wholesale distribution,"Zaragoza branch: Polígono Industrial Sector 4, 50830 Villanueva de Gállego (Zaragoza prov.); CIF A50004324; part of Cencora/AmerisourceBergen","1,100+ professionals (company/web, Spain-wide); Zaragoza is one branch of national network",https://www.alliance-healthcare.es,"correo@alliance-healthcare.es (verbatim, eInforma/Iberinform)",900 533 721,https://www.linkedin.com/company/alliance-healthcare-espa-a,Not found,Not found,Not found,Careers page alliance-healthcare.es/careers + LinkedIn Jobs (Alliance Healthcare España),Pattern undetermined (no HR-specific verbatim email; general correo@alliance-healthcare.es published),,,alliance-healthcare.com/our-branches; iberinform.es; einforma.es; linkedin.com,"Regional distribution branch near Zaragoza; smaller local headcount, occasional managerial relocations — moderate fit. MED",partial,correo@alliance-healthcare.es; proveedores@alliance-healthcare.es,first.last@alliance-healthcare.es — generic only observed (UNVERIFIED)
Proclinic SAU,elEconomista ranking (ranking-empresas.eleconomista.es) + web,Dental supplies / medical-dental devices wholesale distribution,"C/ Palermo 9, Plataforma Logística PLAZA, 50197 Zaragoza (HQ); presence in 32 countries; registered 1983",~292 employees (eInforma/Empresite 2024),https://www.proclinic.es,"proclinic@proclinic.es (verbatim, search-indexed); lopd@proclinic.es (DPO)",+34 932 649 666,https://es.linkedin.com/company/proclinicgroup,Not found,Not found,Not found,"CV portal proclinic.es/tienda/cv + Proclinic InfoJobs (proclinic.ofertas-trabajo.infojobs.net) + Indeed/Glassdoor; recent ""Administrativo/a RRHH"" role for Zaragoza offices",INFERRED nombre.apellido@proclinic.es (basis: general inbox proclinic@proclinic.es and lopd@proclinic.es confirm @proclinic.es domain; name-pattern not verbatim-confirmed),(mid-size — leadership not confirmed),,proclinic.es/tienda/contacto; empresite.eleconomista.es; einforma.com; es.linkedin.com/company/proclinicgroup; infojobs,"Mid-size HQ at PLAZA, international footprint, active hiring incl. RRHH; medium-stay relocations plausible. MED-HIGH",enriched,proclinic@proclinic.es; lopd@proclinic.es,Pattern undetermined (no named contact)
Novaltia S.Coop.,elEconomista ranking (ranking-empresas.eleconomista.es) + web,Pharmaceutical distribution cooperative (full-range medicines/parapharmacy),"Carretera Autovía de Huesca s/n, 50015 Zaragoza (HQ); centres in Calatayud, Bizkaia, Vitoria, Pamplona; ~1,000+ member pharmacies (Aragón & País Vasco)","~150–160 employees (eInforma 2026 / website ""más de 160"")",https://www.novaltia.es,"novaltia@novaltia.es (verbatim, official site); legacy aragofar@aragofar.es (eInforma)",+34 976 459 400,https://es.linkedin.com/company/novaltia-sociedad-cooperativa,Not found,Not found,Not found,No careers portal found; general inbox novaltia@novaltia.es,INFERRED nombre.apellido@novaltia.es (basis: general inbox confirms @novaltia.es domain; HR name-pattern not verbatim-confirmed),Miguel Ángel Artal Lerín (Presidente / Consejo Rector); Fernando Castillo (Director General); M. Carmen Martínez Tirao (Subdirectora General),INFERRED nombre.apellido@novaltia.es — Pattern undetermined (no verbatim leadership email found),novaltia.es/conocenos; axesor.es; phmk.es; democrata.es; es.linkedin.com,"Regional pharma cooperative HQ in Zaragoza; modest headcount, mostly local/member-based staff, limited relocation need. MED-LOW",enriched,novaltia@novaltia.es,miguelangel.artal@novaltia.es / martal@novaltia.es (President M.A. Artal; no published pattern) (UNVERIFIED); Castillo & Martinez unconfirmed
Valeo Térmico SAU,elEconomista ranking (ranking-empresas.eleconomista.es) + web,"Automotive — thermal systems / engine cooling, HVAC, EGR coolers (manufacturing)","Zaragoza plant: Carretera/Autovía de Logroño, km 8.9, 50011 Zaragoza, Spain. Group HQ: Valeo SE, Paris, France","1,001+ employees Spain entity (eInforma/Empresite registry; ""más de 1.000""); group ~110,000 (Valeo)",https://www.valeo.com,Not found (no general inbox published; phone preferred),+34 976 248 700,https://es.linkedin.com/company/valeo-termico-sa,Not found,Not found,,"Careers via Valeo group portal (jobs.valeo.com) + InfoJobs/Indeed/LinkedIn listings for ""Valeo Térmico Zaragoza""; an HR-team hiring post was observed. No general/HR inbox published verbatim.","nombre.apellido@valeo.com — INFERRED (pattern first.last@valeo.com is Valeo group standard; basis: group email convention, no Zaragoza address published verbatim). Unverified.",,,empresite.eleconomista.es/VALEO-TERMICO.html; Kompass; CAAR Aragón; valeo.com; LinkedIn; InfoJobs/Indeed,Large auto-thermal plant in Zaragoza with engineering/managerial roles and ties to ITAINNOVA; recurring relocated/project engineers and international transfers make it a strong corporate-housing fit. HIGH,partial,None found verbatim,first.last@valeo.com (RocketReach 97.9%) (UNVERIFIED) [VERIFIED: first.last@valeo.com ~98%]
Fujikura Automotive Europe SAU,elEconomista ranking (ranking-empresas.eleconomista.es) + web,"Automotive — wire/wiring harnesses, seat sensors, plastic & electronic components (R&D + manufacturing HQ)","HQ/offices: Avda. de Ranillas 3, Edificio Dinamiza 3 A, planta 1ª, 50018 Zaragoza, Spain. Group: Fujikura Ltd., Tokyo, Japan","European division ""more than 10,000 professionals"" (company site, group-wide); local Zaragoza HQ office ~199 (PitchBook)",https://www.fujikura-automotive.com,Not found (general inbox not published verbatim),+34 976 729 800,https://www.linkedin.com/company/fujikura-automotive-europe,Not found (a HR Specialist appears on LinkedIn but not used as a verified business contact),Not found,,"Confirmed recruitment route: careers portal careers.eu.fujikura.com/jobs.php and CV submission (linked from official ""Work With Us"" page). No general/HR email published.","nombre.apellido@fujikura-automotive.com — INFERRED (pattern first.last; basis: standard corporate convention, no verbatim address found). Unverified. — alt domain @eu.fujikura.com also in use.",,,fujikura-automotive.com (Work With Us); europe.fujikura.com careers; PitchBook; LinkedIn; CAAR Aragón,"Zaragoza is the European HQ with strongly international engineering staff and international-mobility hiring (multilingual engineers), making relocation/expat housing demand likely. HIGH",partial,None found verbatim; adolfo.bernad@eu.fujikura.com; francisco.espasa@eu.fujikura.com,"finitial+last@fujikura-automotive.com (RocketReach 100%) (UNVERIFIED) [CORRECTED: first.last@eu.fujikura.com (adolfo.bernad@, francisco.espasa@ confirmed)]"
Adient Seating Spain SL,elEconomista ranking (ranking-empresas.eleconomista.es) + web,Automotive — seating manufacturing (JIT),"Zaragoza-province plants: Pedrola — Calle General Motors 30, 50690 Pedrola (registered office); Alagón — Carrera de Caballos 53, 50630 Alagón; plus Calatorao. Group HQ: Adient plc, Plymouth (Michigan, USA) / Dublin (Ireland)","Registry figures vary (Pedrola entity ""más de 500"" / avg ~48 per some directories — likely per-site); Adient group ~70,000-75,000 globally",https://www.adient.com,Not found (general inbox not published verbatim),+34 976 616 000 (Alagón),https://www.linkedin.com/company/adient (group; no separate verified Spain-entity page),Not found,Not found,,Confirmed route: InfoJobs employer page (infojobs.net/adient-seating-spain-s.l.) + Adient global careers + LinkedIn jobs. No general/HR email published verbatim.,nombre.apellido@adient.com — INFERRED (pattern first.last; basis: Adient group standard domain; no verbatim Spain address found). Unverified.,,,Iberinform; Dun & Bradstreet; adient.com (Alagón location); CAAR Aragón; InfoJobs; LinkedIn,Multi-plant automotive seating operation in Zaragoza province tied to the GM/Stellantis Figueruelas cluster; project ramp-ups and engineering transfers create medium-stay housing need. MED-HIGH,partial,None found verbatim; inma.ruiz@adient.com,first.last@adient.com (RocketReach 99.9%) (UNVERIFIED) [VERIFIED: first.last@adient.com confirmed (inma.ruiz@)]
Schindler SA,elEconomista ranking (ranking-empresas.eleconomista.es) + web,"Industrial manufacturing — elevator/escalator mechanisms, cabins, safety components (Zaragoza production plant)","Zaragoza plant: Calle Albardín 58, Polígono Empresarium (Cartuja Baja), 50720 Zaragoza. Group HQ: Schindler Holding AG, Ebikon, Switzerland; Spain HQ in San Sebastián de los Reyes (Madrid)","Schindler Iberia ~2,700+ employees (company, Spain & Portugal); group ~70,000",https://www.schindler.es,Not found (general inbox not published verbatim),Not found (registry phone via Axesor/eInforma; not confirmed verbatim),https://es.linkedin.com/company/schindler,Not found,Not found,,Confirmed route: official careers portal job.schindler.com / schindler.es/empleo + InfoJobs employer page + LinkedIn jobs. No general/HR email published verbatim.,nombre.apellido@schindler.com — INFERRED (pattern first.last; basis: Schindler group convention; no verbatim address found). Unverified.,,,Iberinform; Axesor; eInforma; schindler.es (empleo); job.schindler.com; aragonhoy.es (plant report); InfoJobs; LinkedIn,"Globally significant Zaragoza manufacturing plant (""referente mundial"") with engineering/management roles and likely international project staff; corporate-housing fit solid though plant workforce largely local. MED-HIGH",partial,None found verbatim; comunicacion.es@schindler.com; schindler24.es@schindler.com,first.last@schindler.com (RocketReach 81%); alt finitial.last@schindler.com (UNVERIFIED)
CAF — Construcciones y Auxiliar de Ferrocarriles SA,elEconomista ranking (ranking-empresas.eleconomista.es) + web,"Railway — manufacture of trains, trams and metros (Zaragoza factory with test track)","Zaragoza plant: Avenida de Cataluña, Zaragoza (CAF's 2nd-largest factory, only site with own test track). Group HQ: José Miguel Iturrioz 26, 20200 Beasain (Gipuzkoa), Spain","CAF group ~14,000-15,000+ employees; Zaragoza plant several hundred to ~1,000+ (expansions reported)",https://www.caf.net (corp: www.cafmobility.com),Not found (general inbox not published verbatim),Not found (use corporate switchboard via caf.net),https://www.linkedin.com/company/caf,Not found,Not found,,Confirmed route: official jobs portal jobs.caf.net (multilingual) + caf.com/work-with-us + InfoJobs + LinkedIn jobs. No general/HR email published verbatim.,nombre.apellido@caf.net — INFERRED (pattern first.last; basis: CAF corporate domain caf.net; no verbatim address found). Unverified.,,,aragondigital.es (Zaragoza plant report); Wikipedia (CAF); Mafex; caf.net / cafmobility.com; jobs.caf.net; LinkedIn,Large rail manufacturer with a major Zaragoza factory running long project cycles; engineers and project teams frequently relocate/rotate — a classic medium-stay corporate-housing profile. TOP TARGET,partial,None found verbatim; caf@caf.net; prensa@caf.net; dpo@caf.net,finitial+last@caf.net (RocketReach 41% most common); alt first.last@caf.net (UNVERIFIED)
Stellantis España SL,elEconomista ranking (ranking-empresas.eleconomista.es) + web,Automotive manufacturing (CNAE 2910 - vehicle manufacturing),"Figueruelas plant: Polígono Entrerríos s/n, KM 0029, 50639 Figueruelas, Zaragoza. Group HQ: Stellantis NV, Amsterdam (Netherlands); Spanish corporate offices in Madrid","~4,800 staff at Figueruelas plant (press; registry shows >249 for the SL entity — registry understates plant headcount)",https://www.stellantis.com,Not found (no published general inbox for plant),667045938 (Páginas Amarillas/registry; plant switchboard 976 658 111 per CCOO),https://www.linkedin.com/company/stellantis/ (showcase: es.linkedin.com/showcase/stellantis-espana/),Not found,Not found,Not found,Careers via LinkedIn Jobs + InfoJobs (infojobs.net/stellantis-espana); no public HR email,Pattern undetermined (large multinational; recruitment centralised through ATS/portal),,,infonif.economia3.com (Stellantis España SL Zaragoza); paginasamarillas.es (Stellantis Figueruelas); es.linkedin.com/showcase/stellantis-espana,"Major plant ~4,800 staff with steady relocation/expat engineering & management flow = strong fit, but HR centralised; realistic approach via plant HR/Servicios Generales or facilities procurement, not a generic inbox. HIGH",partial,None found verbatim,first.last@stellantis.com (RocketReach 80.5%) (UNVERIFIED)
Ibercaja Banco SA,elEconomista ranking (ranking-empresas.eleconomista.es) + web,Banking (financial services),"HQ: Plaza de Basilio Paraíso 2, 50008 Zaragoza","~4,776 employees (2025, company/elEconomista)",https://www.ibercaja.es,secretariageneral@ibercaja.es (general); atencioncliente@ibercaja.es (customer service),976767676,https://es.linkedin.com/company/ibercaja,Not found,Not found,Not found,Careers portal empleo.ibercaja.es + InfoJobs (ibercaja.ofertas-trabajo.infojobs.net); general inbox secretariageneral@ibercaja.es,Pattern undetermined (no verbatim employee email published to confirm format),,,empresite.eleconomista.es/IBERCAJA-BANCO.html; ibercaja.es/xplora/contacto; empleo.ibercaja.es; es.linkedin.com/company/ibercaja,"HQ in Zaragoza with ~4,776 staff, regular hires/relocations and a Top Employer 2026 brand = good fit for relocated/new staff and project teams. Approach via people/talent team through careers portal or general secretariat. HIGH",partial,secretariageneral@ibercaja.es; atencioncliente@ibercaja.es; comunicacion@ibercaja.es,finitial+last@ibercaja.es (RocketReach 96.5%) (UNVERIFIED)
"Plataforma Europa SA (Inditex / Zara logistics, Zaragoza)",elEconomista ranking (ranking-empresas.eleconomista.es) + web,"Apparel logistics / distribution (Zara, Inditex group)","Plataforma Logística de Zaragoza (PLAZA), near Zaragoza airport (Garrapinillos); newer Zaragoza II centre in Malpica area. Group HQ: Inditex, Arteixo (A Coruña)","New centre launched ~Aug 2025 with ~250 direct employees, target ~1,500 at full capacity (elEconomista)",https://www.inditex.com (jobs: joininditex.com),Not found,Not found,https://www.linkedin.com/company/inditex/ (no separate verified page for Plataforma Europa SA),Not found,Not found,Not found,Inditex group careers portal (joininditex.com) + InfoJobs/Indeed logistics listings for Zaragoza; no plant-specific HR inbox published,Pattern undetermined (group-level recruitment; no verbatim plant email confirmed),,,"eleconomista.es (Inditex Zaragoza logistics, Jul 2025); inditex.com press (Plataforma Europa); plazalogistica.com/empresainstalada/inditex; linkedin.com/company/inditex","Operating entity is Plataforma Europa, S.A. (Inditex group). Ramp-up from 250 to ~1,500 jobs means inbound transfers/launch teams = strong fit during scale-up; HR centralised at Inditex group — approach via site HR/operations or staffing partners. MED-HIGH",partial,None found verbatim; comunicacion@inditex.com,first.last@inditex.com / firstlast-initials@inditex.com (RocketReach/LeadIQ ~33% each) (UNVERIFIED)
Industrie Cartarie Tronchetti Ibérica SLU,elEconomista ranking (ranking-empresas.eleconomista.es) + web,Tissue / hygienic paper manufacturing (Lucart group),"Plant: Polígono Industrial El Espartal, KM 21 (Calle de la Cañada Real), 50730 El Burgo de Ebro, Zaragoza. Group: Lucart S.p.A. / ICT group, Italy (Porcari, Lucca)","~337 employees (2025, eInforma/registry, dated 25/02/2026); other sources 251-500 range",https://www.ictgroup.net,info@ictes.eu,+34 976104672 (fax +34 976104673),https://www.linkedin.com/company/lucart-group/ (no separate verified ICT Ibérica page found),Not found,Not found,Not found,General inbox info@ictes.eu; no dedicated careers portal/InfoJobs page confirmed,INFERRED nombre.apellido@ictes.eu (basis: published domain ictes.eu from general inbox info@ictes.eu; specific personal format not verified) — Pattern undetermined,,,ictgroup.net/en/who-we-are (ICT Ibérica contacts); einforma.com/informacion-empresa/industrie-cartarie-tronchetti-iberica; es.kompass.com (ICT Ibérica),Mid-size manufacturing plant (~337 staff) with a published general email and identifiable site = workable direct outreach. Smaller relocation volume than the majors but accessible single decision-maker for occasional engineer/manager stays. MED,partial,info@ictes.eu,first.last@ictes.eu (group convention; also first.last@tronchetti.com) (UNVERIFIED)
Tereos Starch & Sweeteners Iberia SAU,elEconomista ranking (ranking-empresas.eleconomista.es) + web,Starch & sweeteners / corn processing manufacturing,"Plant & registered office: Avenida Salvador Allende 76-78, 50015 Zaragoza (formerly Campo Ebro Industrial / Syral Iberia). Group HQ: Tereos, France","~194 direct employees (eInforma, 2026); plant cited as supporting >500 direct+indirect jobs",https://www.tereos.com,Not found (general inbox not published verbatim),976738100,https://www.linkedin.com/company/tereos-starch-sweeteners-iberia-sa/ (group: linkedin.com/company/tereos),Not found,Not found,Not found,InfoJobs page (infojobs.net/tereos-starch-sweeteners-iberia); Tereos group careers via tereos.com; no general HR inbox published,"Pattern undetermined (Tereos group corporate domain likely, but no verbatim employee email at Iberia site confirmed)",,,axesor.es (Tereos Starch & Sweeteners Iberia); einforma.com/informacion-empresa/syral-iberia; infojobs.net/tereos-starch-sweeteners-iberia; linkedin.com/company/tereos-starch-sweeteners-iberia-sa,"Established Zaragoza-city industrial site (~194 staff, French group) with periodic technical/management relocations and project staff = moderate fit. Approach via plant HR or InfoJobs recruiter contact. MED",partial,None found verbatim; contactgdpr@tereos.com,first.last@tereos.com (RocketReach 54.5%) (UNVERIFIED)
